{"val_spearman":0.8791836734693877,"_wandb":{"runtime":13695},"train_MSELoss":5.099207191960886e-05,"_runtime":13695.857067214,"_step":5760,"val_RMSELoss":0.03671463951468468,"val_loss":0.0013479648943757639,"train_RMSELoss":0.007140873330315337,"param_grad_norm":0.6415858081267388,"_timestamp":1.7517144004160802e+09,"val_pearson":0.8710784337959517,"lr":3.8341614946760544e-05}